null_index,exp,X,n,R_bits_per_gap
0,15,32768.0,3030.0,-0.00033003300330033004
0,16,65536.0,5709.0,-0.0001751620248730073
0,17,131072.0,10749.0,-9.303190994511113e-05
0,18,262144.0,20390.0,-4.9043648847474005e-05
0,19,524288.0,38635.0,-2.5883266468228297e-05
0,20,1048576.0,73586.0,-1.3589541488870202e-05
0,21,2097152.0,140336.0,-7.125755330064974e-06
0,22,4194304.0,268216.0,-3.7283383541623203e-06
0,23,8388608.0,513708.0,-1.9466311601143085e-06
0,24,16777216.0,985818.0,-1.0143860225721162e-06
0,25,33554432.0,1894120.0,-5.2794965472093e-07
0,26,67108864.0,3645744.0,-2.742924352340696e-07
1,15,32768.0,3030.0,-0.00033003300330032966
1,16,65536.0,5709.0,-0.00017516202487300744
1,17,131072.0,10749.0,-9.30319099451113e-05
1,18,262144.0,20390.0,-4.904364884747411e-05
1,19,524288.0,38635.0,-2.588326646822827e-05
1,20,1048576.0,73586.0,-1.358954148887016e-05
1,21,2097152.0,140336.0,-7.125755330065003e-06
1,22,4194304.0,268216.0,-3.7283383541623186e-06
1,23,8388608.0,513708.0,-1.946631160114308e-06
1,24,16777216.0,985818.0,-1.0143860225721164e-06
1,25,33554432.0,1894120.0,-5.279496547209257e-07
1,26,67108864.0,3645744.0,-2.742924352340702e-07
2,15,32768.0,3030.0,-0.0003300330033003307
2,16,65536.0,5709.0,-0.00017516202487300698
2,17,131072.0,10749.0,-9.303190994511071e-05
2,18,262144.0,20390.0,-4.90436488474742e-05
2,19,524288.0,38635.0,-2.588326646822828e-05
2,20,1048576.0,73586.0,-1.3589541488870154e-05
2,21,2097152.0,140336.0,-7.1257553300649395e-06
2,22,4194304.0,268216.0,-3.728338354162317e-06
2,23,8388608.0,513708.0,-1.9466311601143046e-06
2,24,16777216.0,985818.0,-1.0143860225721154e-06
2,25,33554432.0,1894120.0,-5.27949654720928e-07
2,26,67108864.0,3645744.0,-2.7429243523407083e-07
3,15,32768.0,3030.0,-0.0003300330033003304
3,16,65536.0,5709.0,-0.00017516202487300738
3,17,131072.0,10749.0,-9.303190994511145e-05
3,18,262144.0,20390.0,-4.904364884747417e-05
3,19,524288.0,38635.0,-2.58832664682282e-05
3,20,1048576.0,73586.0,-1.3589541488870168e-05
3,21,2097152.0,140336.0,-7.125755330064985e-06
3,22,4194304.0,268216.0,-3.7283383541623148e-06
3,23,8388608.0,513708.0,-1.9466311601143076e-06
3,24,16777216.0,985818.0,-1.0143860225721103e-06
3,25,33554432.0,1894120.0,-5.279496547209269e-07
3,26,67108864.0,3645744.0,-2.7429243523406855e-07
4,15,32768.0,3030.0,-0.00033003300330033004
4,16,65536.0,5709.0,-0.00017516202487300746
4,17,131072.0,10749.0,-9.303190994511093e-05
4,18,262144.0,20390.0,-4.9043648847474364e-05
4,19,524288.0,38635.0,-2.588326646822828e-05
4,20,1048576.0,73586.0,-1.358954148887022e-05
4,21,2097152.0,140336.0,-7.125755330064973e-06
4,22,4194304.0,268216.0,-3.7283383541623105e-06
4,23,8388608.0,513708.0,-1.946631160114303e-06
4,24,16777216.0,985818.0,-1.0143860225721232e-06
4,25,33554432.0,1894120.0,-5.279496547209245e-07
4,26,67108864.0,3645744.0,-2.742924352340684e-07
5,15,32768.0,3030.0,-0.00033003300330032966
5,16,65536.0,5709.0,-0.00017516202487300792
5,17,131072.0,10749.0,-9.303190994511115e-05
5,18,262144.0,20390.0,-4.904364884747425e-05
5,19,524288.0,38635.0,-2.5883266468228263e-05
5,20,1048576.0,73586.0,-1.3589541488870183e-05
5,21,2097152.0,140336.0,-7.125755330064998e-06
5,22,4194304.0,268216.0,-3.728338354162289e-06
5,23,8388608.0,513708.0,-1.946631160114304e-06
5,24,16777216.0,985818.0,-1.0143860225721177e-06
5,25,33554432.0,1894120.0,-5.27949654720925e-07
5,26,67108864.0,3645744.0,-2.742924352340713e-07
6,15,32768.0,3030.0,-0.0003300330033003305
6,16,65536.0,5709.0,-0.00017516202487300765
6,17,131072.0,10749.0,-9.303190994511089e-05
6,18,262144.0,20390.0,-4.9043648847474174e-05
6,19,524288.0,38635.0,-2.5883266468228223e-05
6,20,1048576.0,73586.0,-1.358954148887021e-05
6,21,2097152.0,140336.0,-7.1257553300649945e-06
6,22,4194304.0,268216.0,-3.7283383541623105e-06
6,23,8388608.0,513708.0,-1.946631160114312e-06
6,24,16777216.0,985818.0,-1.0143860225721224e-06
6,25,33554432.0,1894120.0,-5.27949654720927e-07
6,26,67108864.0,3645744.0,-2.7429243523407046e-07
7,15,32768.0,3030.0,-0.0003300330033003293
7,16,65536.0,5709.0,-0.00017516202487300757
7,17,131072.0,10749.0,-9.303190994511101e-05
7,18,262144.0,20390.0,-4.9043648847474337e-05
7,19,524288.0,38635.0,-2.5883266468228213e-05
7,20,1048576.0,73586.0,-1.3589541488870134e-05
7,21,2097152.0,140336.0,-7.125755330064976e-06
7,22,4194304.0,268216.0,-3.728338354162309e-06
7,23,8388608.0,513708.0,-1.9466311601143114e-06
7,24,16777216.0,985818.0,-1.0143860225721185e-06
7,25,33554432.0,1894120.0,-5.27949654720921e-07
7,26,67108864.0,3645744.0,-2.742924352340703e-07
8,15,32768.0,3030.0,-0.00033003300330033
8,16,65536.0,5709.0,-0.00017516202487300738
8,17,131072.0,10749.0,-9.30319099451113e-05
8,18,262144.0,20390.0,-4.904364884747435e-05
8,19,524288.0,38635.0,-2.5883266468228348e-05
8,20,1048576.0,73586.0,-1.3589541488870147e-05
8,21,2097152.0,140336.0,-7.125755330065003e-06
8,22,4194304.0,268216.0,-3.728338354162304e-06
8,23,8388608.0,513708.0,-1.9466311601143004e-06
8,24,16777216.0,985818.0,-1.0143860225721213e-06
8,25,33554432.0,1894120.0,-5.279496547209234e-07
8,26,67108864.0,3645744.0,-2.742924352340711e-07
9,15,32768.0,3030.0,-0.0003300330033003301
9,16,65536.0,5709.0,-0.00017516202487300733
9,17,131072.0,10749.0,-9.303190994511082e-05
9,18,262144.0,20390.0,-4.9043648847474005e-05
9,19,524288.0,38635.0,-2.5883266468228213e-05
9,20,1048576.0,73586.0,-1.3589541488870102e-05
9,21,2097152.0,140336.0,-7.125755330065005e-06
9,22,4194304.0,268216.0,-3.7283383541623135e-06
9,23,8388608.0,513708.0,-1.9466311601142928e-06
9,24,16777216.0,985818.0,-1.014386022572113e-06
9,25,33554432.0,1894120.0,-5.279496547209264e-07
9,26,67108864.0,3645744.0,-2.742924352340719e-07
10,15,32768.0,3030.0,-0.00033003300330032977
10,16,65536.0,5709.0,-0.0001751620248730075
10,17,131072.0,10749.0,-9.303190994511145e-05
10,18,262144.0,20390.0,-4.904364884747431e-05
10,19,524288.0,38635.0,-2.588326646822826e-05
10,20,1048576.0,73586.0,-1.3589541488870202e-05
10,21,2097152.0,140336.0,-7.125755330064978e-06
10,22,4194304.0,268216.0,-3.7283383541623114e-06
10,23,8388608.0,513708.0,-1.9466311601143063e-06
10,24,16777216.0,985818.0,-1.0143860225721111e-06
10,25,33554432.0,1894120.0,-5.279496547209278e-07
10,26,67108864.0,3645744.0,-2.742924352340695e-07
11,15,32768.0,3030.0,-0.00033003300330032933
11,16,65536.0,5709.0,-0.00017516202487300744
11,17,131072.0,10749.0,-9.30319099451115e-05
11,18,262144.0,20390.0,-4.9043648847474384e-05
11,19,524288.0,38635.0,-2.5883266468228175e-05
11,20,1048576.0,73586.0,-1.3589541488870122e-05
11,21,2097152.0,140336.0,-7.125755330064992e-06
11,22,4194304.0,268216.0,-3.728338354162321e-06
11,23,8388608.0,513708.0,-1.9466311601143135e-06
11,24,16777216.0,985818.0,-1.0143860225721215e-06
11,25,33554432.0,1894120.0,-5.279496547209259e-07
11,26,67108864.0,3645744.0,-2.7429243523407035e-07
12,15,32768.0,3030.0,-0.00033003300330033063
12,16,65536.0,5709.0,-0.0001751620248730074
12,17,131072.0,10749.0,-9.303190994511093e-05
12,18,262144.0,20390.0,-4.904364884747426e-05
12,19,524288.0,38635.0,-2.5883266468228196e-05
12,20,1048576.0,73586.0,-1.3589541488870178e-05
12,21,2097152.0,140336.0,-7.125755330064978e-06
12,22,4194304.0,268216.0,-3.728338354162326e-06
12,23,8388608.0,513708.0,-1.946631160114309e-06
12,24,16777216.0,985818.0,-1.0143860225721154e-06
12,25,33554432.0,1894120.0,-5.279496547209227e-07
12,26,67108864.0,3645744.0,-2.7429243523406966e-07
13,15,32768.0,3030.0,-0.00033003300330032955
13,16,65536.0,5709.0,-0.00017516202487300733
13,17,131072.0,10749.0,-9.303190994511119e-05
13,18,262144.0,20390.0,-4.904364884747414e-05
13,19,524288.0,38635.0,-2.5883266468228175e-05
13,20,1048576.0,73586.0,-1.358954148887019e-05
13,21,2097152.0,140336.0,-7.125755330064981e-06
13,22,4194304.0,268216.0,-3.728338354162322e-06
13,23,8388608.0,513708.0,-1.9466311601142953e-06
13,24,16777216.0,985818.0,-1.0143860225721196e-06
13,25,33554432.0,1894120.0,-5.279496547209219e-07
13,26,67108864.0,3645744.0,-2.7429243523407035e-07
14,15,32768.0,3030.0,-0.0003300330033003297
14,16,65536.0,5709.0,-0.00017516202487300722
14,17,131072.0,10749.0,-9.303190994511108e-05
14,18,262144.0,20390.0,-4.904364884747428e-05
14,19,524288.0,38635.0,-2.588326646822826e-05
14,20,1048576.0,73586.0,-1.3589541488870171e-05
14,21,2097152.0,140336.0,-7.1257553300649445e-06
14,22,4194304.0,268216.0,-3.728338354162326e-06
14,23,8388608.0,513708.0,-1.946631160114316e-06
14,24,16777216.0,985818.0,-1.0143860225721113e-06
14,25,33554432.0,1894120.0,-5.279496547209249e-07
14,26,67108864.0,3645744.0,-2.7429243523407114e-07
15,15,32768.0,3030.0,-0.0003300330033003296
15,16,65536.0,5709.0,-0.0001751620248730075
15,17,131072.0,10749.0,-9.303190994511115e-05
15,18,262144.0,20390.0,-4.9043648847474154e-05
15,19,524288.0,38635.0,-2.588326646822818e-05
15,20,1048576.0,73586.0,-1.3589541488870154e-05
15,21,2097152.0,140336.0,-7.125755330064992e-06
15,22,4194304.0,268216.0,-3.728338354162331e-06
15,23,8388608.0,513708.0,-1.946631160114308e-06
15,24,16777216.0,985818.0,-1.014386022572116e-06
15,25,33554432.0,1894120.0,-5.279496547209272e-07
15,26,67108864.0,3645744.0,-2.742924352340689e-07
16,15,32768.0,3030.0,-0.00033003300330033
16,16,65536.0,5709.0,-0.0001751620248730074
16,17,131072.0,10749.0,-9.303190994511104e-05
16,18,262144.0,20390.0,-4.904364884747428e-05
16,19,524288.0,38635.0,-2.5883266468228182e-05
16,20,1048576.0,73586.0,-1.3589541488870132e-05
16,21,2097152.0,140336.0,-7.125755330064978e-06
16,22,4194304.0,268216.0,-3.7283383541623376e-06
16,23,8388608.0,513708.0,-1.94663116011431e-06
16,24,16777216.0,985818.0,-1.0143860225721145e-06
16,25,33554432.0,1894120.0,-5.279496547209239e-07
16,26,67108864.0,3645744.0,-2.742924352340691e-07
17,15,32768.0,3030.0,-0.00033003300330032966
17,16,65536.0,5709.0,-0.00017516202487300765
17,17,131072.0,10749.0,-9.303190994511107e-05
17,18,262144.0,20390.0,-4.9043648847474174e-05
17,19,524288.0,38635.0,-2.588326646822836e-05
17,20,1048576.0,73586.0,-1.358954148887013e-05
17,21,2097152.0,140336.0,-7.125755330065012e-06
17,22,4194304.0,268216.0,-3.728338354162314e-06
17,23,8388608.0,513708.0,-1.946631160114295e-06
17,24,16777216.0,985818.0,-1.0143860225721202e-06
17,25,33554432.0,1894120.0,-5.279496547209239e-07
17,26,67108864.0,3645744.0,-2.742924352340705e-07
18,15,32768.0,3030.0,-0.00033003300330032966
18,16,65536.0,5709.0,-0.0001751620248730076
18,17,131072.0,10749.0,-9.303190994511093e-05
18,18,262144.0,20390.0,-4.904364884747433e-05
18,19,524288.0,38635.0,-2.588326646822823e-05
18,20,1048576.0,73586.0,-1.3589541488870217e-05
18,21,2097152.0,140336.0,-7.125755330064993e-06
18,22,4194304.0,268216.0,-3.728338354162322e-06
18,23,8388608.0,513708.0,-1.9466311601143063e-06
18,24,16777216.0,985818.0,-1.014386022572115e-06
18,25,33554432.0,1894120.0,-5.279496547209245e-07
18,26,67108864.0,3645744.0,-2.742924352340684e-07
19,15,32768.0,3030.0,-0.0003300330033003305
19,16,65536.0,5709.0,-0.0001751620248730072
19,17,131072.0,10749.0,-9.303190994511107e-05
19,18,262144.0,20390.0,-4.904364884747423e-05
19,19,524288.0,38635.0,-2.5883266468228267e-05
19,20,1048576.0,73586.0,-1.358954148887014e-05
19,21,2097152.0,140336.0,-7.1257553300649776e-06
19,22,4194304.0,268216.0,-3.7283383541623194e-06
19,23,8388608.0,513708.0,-1.9466311601143042e-06
19,24,16777216.0,985818.0,-1.0143860225721194e-06
19,25,33554432.0,1894120.0,-5.279496547209258e-07
19,26,67108864.0,3645744.0,-2.742924352340699e-07
20,15,32768.0,3030.0,-0.0003300330033003301
20,16,65536.0,5709.0,-0.00017516202487300744
20,17,131072.0,10749.0,-9.303190994511138e-05
20,18,262144.0,20390.0,-4.9043648847474127e-05
20,19,524288.0,38635.0,-2.5883266468228338e-05
20,20,1048576.0,73586.0,-1.3589541488870183e-05
20,21,2097152.0,140336.0,-7.125755330064986e-06
20,22,4194304.0,268216.0,-3.728338354162347e-06
20,23,8388608.0,513708.0,-1.946631160114302e-06
20,24,16777216.0,985818.0,-1.014386022572117e-06
20,25,33554432.0,1894120.0,-5.279496547209258e-07
20,26,67108864.0,3645744.0,-2.7429243523407014e-07
21,15,32768.0,3030.0,-0.0003300330033003299
21,16,65536.0,5709.0,-0.00017516202487300692
21,17,131072.0,10749.0,-9.30319099451107e-05
21,18,262144.0,20390.0,-4.9043648847474364e-05
21,19,524288.0,38635.0,-2.5883266468228318e-05
21,20,1048576.0,73586.0,-1.358954148887014e-05
21,21,2097152.0,140336.0,-7.125755330064996e-06
21,22,4194304.0,268216.0,-3.728338354162327e-06
21,23,8388608.0,513708.0,-1.9466311601143085e-06
21,24,16777216.0,985818.0,-1.0143860225721164e-06
21,25,33554432.0,1894120.0,-5.279496547209268e-07
21,26,67108864.0,3645744.0,-2.7429243523406977e-07
22,15,32768.0,3030.0,-0.0003300330033003307
22,16,65536.0,5709.0,-0.00017516202487300708
22,17,131072.0,10749.0,-9.303190994511088e-05
22,18,262144.0,20390.0,-4.90436488474742e-05
22,19,524288.0,38635.0,-2.5883266468228257e-05
22,20,1048576.0,73586.0,-1.3589541488870144e-05
22,21,2097152.0,140336.0,-7.125755330065012e-06
22,22,4194304.0,268216.0,-3.7283383541623025e-06
22,23,8388608.0,513708.0,-1.9466311601142996e-06
22,24,16777216.0,985818.0,-1.0143860225721122e-06
22,25,33554432.0,1894120.0,-5.279496547209297e-07
22,26,67108864.0,3645744.0,-2.742924352340695e-07
23,15,32768.0,3030.0,-0.00033003300330032977
23,16,65536.0,5709.0,-0.00017516202487300725
23,17,131072.0,10749.0,-9.303190994511123e-05
23,18,262144.0,20390.0,-4.9043648847474154e-05
23,19,524288.0,38635.0,-2.5883266468228243e-05
23,20,1048576.0,73586.0,-1.3589541488870098e-05
23,21,2097152.0,140336.0,-7.125755330064989e-06
23,22,4194304.0,268216.0,-3.7283383541623148e-06
23,23,8388608.0,513708.0,-1.946631160114313e-06
23,24,16777216.0,985818.0,-1.0143860225721175e-06
23,25,33554432.0,1894120.0,-5.279496547209282e-07
23,26,67108864.0,3645744.0,-2.7429243523406993e-07
24,15,32768.0,3030.0,-0.00033003300330032944
24,16,65536.0,5709.0,-0.00017516202487300765
24,17,131072.0,10749.0,-9.30319099451111e-05
24,18,262144.0,20390.0,-4.9043648847474194e-05
24,19,524288.0,38635.0,-2.5883266468228324e-05
24,20,1048576.0,73586.0,-1.3589541488870202e-05
24,21,2097152.0,140336.0,-7.125755330064993e-06
24,22,4194304.0,268216.0,-3.728338354162301e-06
24,23,8388608.0,513708.0,-1.94663116011431e-06
24,24,16777216.0,985818.0,-1.0143860225721196e-06
24,25,33554432.0,1894120.0,-5.279496547209245e-07
24,26,67108864.0,3645744.0,-2.742924352340689e-07
25,15,32768.0,3030.0,-0.00033003300330032944
25,16,65536.0,5709.0,-0.0001751620248730071
25,17,131072.0,10749.0,-9.30319099451111e-05
25,18,262144.0,20390.0,-4.9043648847474296e-05
25,19,524288.0,38635.0,-2.5883266468228243e-05
25,20,1048576.0,73586.0,-1.3589541488870078e-05
25,21,2097152.0,140336.0,-7.125755330065012e-06
25,22,4194304.0,268216.0,-3.7283383541623046e-06
25,23,8388608.0,513708.0,-1.9466311601143114e-06
25,24,16777216.0,985818.0,-1.0143860225721152e-06
25,25,33554432.0,1894120.0,-5.27949654720924e-07
25,26,67108864.0,3645744.0,-2.742924352340688e-07
26,15,32768.0,3030.0,-0.0003300330033003299
26,16,65536.0,5709.0,-0.00017516202487300738
26,17,131072.0,10749.0,-9.303190994511088e-05
26,18,262144.0,20390.0,-4.904364884747421e-05
26,19,524288.0,38635.0,-2.588326646822826e-05
26,20,1048576.0,73586.0,-1.3589541488870168e-05
26,21,2097152.0,140336.0,-7.125755330064993e-06
26,22,4194304.0,268216.0,-3.7283383541623148e-06
26,23,8388608.0,513708.0,-1.946631160114316e-06
26,24,16777216.0,985818.0,-1.014386022572117e-06
26,25,33554432.0,1894120.0,-5.27949654720922e-07
26,26,67108864.0,3645744.0,-2.7429243523407204e-07
27,15,32768.0,3030.0,-0.00033003300330032884
27,16,65536.0,5709.0,-0.0001751620248730067
27,17,131072.0,10749.0,-9.303190994511108e-05
27,18,262144.0,20390.0,-4.9043648847474194e-05
27,19,524288.0,38635.0,-2.588326646822828e-05
27,20,1048576.0,73586.0,-1.3589541488870195e-05
27,21,2097152.0,140336.0,-7.125755330064952e-06
27,22,4194304.0,268216.0,-3.7283383541623084e-06
27,23,8388608.0,513708.0,-1.946631160114301e-06
27,24,16777216.0,985818.0,-1.0143860225721215e-06
27,25,33554432.0,1894120.0,-5.27949654720927e-07
27,26,67108864.0,3645744.0,-2.7429243523406903e-07
28,15,32768.0,3030.0,-0.00033003300330033074
28,16,65536.0,5709.0,-0.00017516202487300717
28,17,131072.0,10749.0,-9.3031909945111e-05
28,18,262144.0,20390.0,-4.9043648847474127e-05
28,19,524288.0,38635.0,-2.5883266468228284e-05
28,20,1048576.0,73586.0,-1.3589541488870163e-05
28,21,2097152.0,140336.0,-7.1257553300649776e-06
28,22,4194304.0,268216.0,-3.7283383541623385e-06
28,23,8388608.0,513708.0,-1.9466311601143123e-06
28,24,16777216.0,985818.0,-1.0143860225721173e-06
28,25,33554432.0,1894120.0,-5.279496547209268e-07
28,26,67108864.0,3645744.0,-2.7429243523407114e-07
29,15,32768.0,3030.0,-0.0003300330033003303
29,16,65536.0,5709.0,-0.00017516202487300803
29,17,131072.0,10749.0,-9.30319099451115e-05
29,18,262144.0,20390.0,-4.904364884747439e-05
29,19,524288.0,38635.0,-2.5883266468228263e-05
29,20,1048576.0,73586.0,-1.358954148887019e-05
29,21,2097152.0,140336.0,-7.125755330064957e-06
29,22,4194304.0,268216.0,-3.72833835416233e-06
29,23,8388608.0,513708.0,-1.946631160114294e-06
29,24,16777216.0,985818.0,-1.0143860225721156e-06
29,25,33554432.0,1894120.0,-5.279496547209251e-07
29,26,67108864.0,3645744.0,-2.7429243523406993e-07
30,15,32768.0,3030.0,-0.0003300330033003303
30,16,65536.0,5709.0,-0.0001751620248730075
30,17,131072.0,10749.0,-9.303190994511123e-05
30,18,262144.0,20390.0,-4.904364884747423e-05
30,19,524288.0,38635.0,-2.5883266468228257e-05
30,20,1048576.0,73586.0,-1.3589541488870166e-05
30,21,2097152.0,140336.0,-7.125755330064983e-06
30,22,4194304.0,268216.0,-3.7283383541623084e-06
30,23,8388608.0,513708.0,-1.946631160114313e-06
30,24,16777216.0,985818.0,-1.0143860225721154e-06
30,25,33554432.0,1894120.0,-5.279496547209266e-07
30,26,67108864.0,3645744.0,-2.742924352340709e-07
31,15,32768.0,3030.0,-0.00033003300330033063
31,16,65536.0,5709.0,-0.00017516202487300738
31,17,131072.0,10749.0,-9.303190994511134e-05
31,18,262144.0,20390.0,-4.904364884747408e-05
31,19,524288.0,38635.0,-2.5883266468228277e-05
31,20,1048576.0,73586.0,-1.35895414888701e-05
31,21,2097152.0,140336.0,-7.125755330064969e-06
31,22,4194304.0,268216.0,-3.7283383541623135e-06
31,23,8388608.0,513708.0,-1.9466311601142983e-06
31,24,16777216.0,985818.0,-1.0143860225721147e-06
31,25,33554432.0,1894120.0,-5.279496547209294e-07
31,26,67108864.0,3645744.0,-2.742924352340698e-07
32,15,32768.0,3030.0,-0.0003300330033003292
32,16,65536.0,5709.0,-0.00017516202487300679
32,17,131072.0,10749.0,-9.30319099451113e-05
32,18,262144.0,20390.0,-4.904364884747426e-05
32,19,524288.0,38635.0,-2.588326646822822e-05
32,20,1048576.0,73586.0,-1.3589541488870178e-05
32,21,2097152.0,140336.0,-7.125755330064996e-06
32,22,4194304.0,268216.0,-3.728338354162306e-06
32,23,8388608.0,513708.0,-1.9466311601143127e-06
32,24,16777216.0,985818.0,-1.0143860225721226e-06
32,25,33554432.0,1894120.0,-5.279496547209272e-07
32,26,67108864.0,3645744.0,-2.7429243523407067e-07
33,15,32768.0,3030.0,-0.0003300330033003301
33,16,65536.0,5709.0,-0.0001751620248730071
33,17,131072.0,10749.0,-9.303190994511112e-05
33,18,262144.0,20390.0,-4.9043648847474174e-05
33,19,524288.0,38635.0,-2.5883266468228338e-05
33,20,1048576.0,73586.0,-1.3589541488870166e-05
33,21,2097152.0,140336.0,-7.12575533006495e-06
33,22,4194304.0,268216.0,-3.7283383541623203e-06
33,23,8388608.0,513708.0,-1.9466311601143013e-06
33,24,16777216.0,985818.0,-1.0143860225721188e-06
33,25,33554432.0,1894120.0,-5.279496547209269e-07
33,26,67108864.0,3645744.0,-2.742924352340707e-07
34,15,32768.0,3030.0,-0.00033003300330032977
34,16,65536.0,5709.0,-0.00017516202487300757
34,17,131072.0,10749.0,-9.30319099451113e-05
34,18,262144.0,20390.0,-4.904364884747448e-05
34,19,524288.0,38635.0,-2.5883266468228253e-05
34,20,1048576.0,73586.0,-1.3589541488870144e-05
34,21,2097152.0,140336.0,-7.125755330064972e-06
34,22,4194304.0,268216.0,-3.728338354162305e-06
34,23,8388608.0,513708.0,-1.946631160114308e-06
34,24,16777216.0,985818.0,-1.0143860225721175e-06
34,25,33554432.0,1894120.0,-5.279496547209261e-07
34,26,67108864.0,3645744.0,-2.742924352340685e-07
35,15,32768.0,3030.0,-0.0003300330033003296
35,16,65536.0,5709.0,-0.00017516202487300706
35,17,131072.0,10749.0,-9.303190994511094e-05
35,18,262144.0,20390.0,-4.9043648847474215e-05
35,19,524288.0,38635.0,-2.5883266468228267e-05
35,20,1048576.0,73586.0,-1.3589541488870134e-05
35,21,2097152.0,140336.0,-7.1257553300650055e-06
35,22,4194304.0,268216.0,-3.7283383541623186e-06
35,23,8388608.0,513708.0,-1.9466311601142987e-06
35,24,16777216.0,985818.0,-1.0143860225721156e-06
35,25,33554432.0,1894120.0,-5.279496547209273e-07
35,26,67108864.0,3645744.0,-2.74292435234071e-07
36,15,32768.0,3030.0,-0.0003300330033003307
36,16,65536.0,5709.0,-0.0001751620248730076
36,17,131072.0,10749.0,-9.303190994511121e-05
36,18,262144.0,20390.0,-4.904364884747412e-05
36,19,524288.0,38635.0,-2.5883266468228216e-05
36,20,1048576.0,73586.0,-1.3589541488870154e-05
36,21,2097152.0,140336.0,-7.125755330064986e-06
36,22,4194304.0,268216.0,-3.7283383541623194e-06
36,23,8388608.0,513708.0,-1.946631160114305e-06
36,24,16777216.0,985818.0,-1.0143860225721158e-06
36,25,33554432.0,1894120.0,-5.279496547209291e-07
36,26,67108864.0,3645744.0,-2.7429243523407083e-07
37,15,32768.0,3030.0,-0.00033003300330032993
37,16,65536.0,5709.0,-0.0001751620248730075
37,17,131072.0,10749.0,-9.303190994511123e-05
37,18,262144.0,20390.0,-4.904364884747377e-05
37,19,524288.0,38635.0,-2.58832664682282e-05
37,20,1048576.0,73586.0,-1.3589541488870137e-05
37,21,2097152.0,140336.0,-7.125755330064987e-06
37,22,4194304.0,268216.0,-3.728338354162315e-06
37,23,8388608.0,513708.0,-1.9466311601143063e-06
37,24,16777216.0,985818.0,-1.0143860225721177e-06
37,25,33554432.0,1894120.0,-5.279496547209289e-07
37,26,67108864.0,3645744.0,-2.7429243523406977e-07
38,15,32768.0,3030.0,-0.0003300330033003303
38,16,65536.0,5709.0,-0.00017516202487300714
38,17,131072.0,10749.0,-9.303190994511115e-05
38,18,262144.0,20390.0,-4.9043648847474364e-05
38,19,524288.0,38635.0,-2.5883266468228247e-05
38,20,1048576.0,73586.0,-1.358954148887012e-05
38,21,2097152.0,140336.0,-7.125755330065033e-06
38,22,4194304.0,268216.0,-3.7283383541623177e-06
38,23,8388608.0,513708.0,-1.946631160114304e-06
38,24,16777216.0,985818.0,-1.0143860225721194e-06
38,25,33554432.0,1894120.0,-5.279496547209272e-07
38,26,67108864.0,3645744.0,-2.742924352340697e-07
39,15,32768.0,3030.0,-0.0003300330033003299
39,16,65536.0,5709.0,-0.00017516202487300752
39,17,131072.0,10749.0,-9.303190994511065e-05
39,18,262144.0,20390.0,-4.9043648847474235e-05
39,19,524288.0,38635.0,-2.588326646822839e-05
39,20,1048576.0,73586.0,-1.3589541488870144e-05
39,21,2097152.0,140336.0,-7.125755330064959e-06
39,22,4194304.0,268216.0,-3.7283383541623135e-06
39,23,8388608.0,513708.0,-1.946631160114318e-06
39,24,16777216.0,985818.0,-1.0143860225721169e-06
39,25,33554432.0,1894120.0,-5.279496547209196e-07
39,26,67108864.0,3645744.0,-2.742924352340679e-07
40,15,32768.0,3030.0,-0.00033003300330033004
40,16,65536.0,5709.0,-0.00017516202487300703
40,17,131072.0,10749.0,-9.303190994511119e-05
40,18,262144.0,20390.0,-4.904364884747424e-05
40,19,524288.0,38635.0,-2.5883266468228148e-05
40,20,1048576.0,73586.0,-1.3589541488870107e-05
40,21,2097152.0,140336.0,-7.125755330064972e-06
40,22,4194304.0,268216.0,-3.7283383541623253e-06
40,23,8388608.0,513708.0,-1.9466311601143068e-06
40,24,16777216.0,985818.0,-1.014386022572124e-06
40,25,33554432.0,1894120.0,-5.279496547209262e-07
40,26,67108864.0,3645744.0,-2.7429243523406924e-07
41,15,32768.0,3030.0,-0.00033003300330032966
41,16,65536.0,5709.0,-0.00017516202487300706
41,17,131072.0,10749.0,-9.303190994511153e-05
41,18,262144.0,20390.0,-4.904364884747424e-05
41,19,524288.0,38635.0,-2.588326646822836e-05
41,20,1048576.0,73586.0,-1.358954148887016e-05
41,21,2097152.0,140336.0,-7.125755330065007e-06
41,22,4194304.0,268216.0,-3.728338354162326e-06
41,23,8388608.0,513708.0,-1.9466311601143106e-06
41,24,16777216.0,985818.0,-1.0143860225721232e-06
41,25,33554432.0,1894120.0,-5.27949654720924e-07
41,26,67108864.0,3645744.0,-2.742924352340674e-07
42,15,32768.0,3030.0,-0.00033003300330032977
42,16,65536.0,5709.0,-0.00017516202487300811
42,17,131072.0,10749.0,-9.303190994511054e-05
42,18,262144.0,20390.0,-4.904364884747411e-05
42,19,524288.0,38635.0,-2.5883266468228263e-05
42,20,1048576.0,73586.0,-1.3589541488870125e-05
42,21,2097152.0,140336.0,-7.125755330065011e-06
42,22,4194304.0,268216.0,-3.7283383541623203e-06
42,23,8388608.0,513708.0,-1.946631160114317e-06
42,24,16777216.0,985818.0,-1.014386022572122e-06
42,25,33554432.0,1894120.0,-5.279496547209259e-07
42,26,67108864.0,3645744.0,-2.7429243523406834e-07
43,15,32768.0,3030.0,-0.00033003300330032966
43,16,65536.0,5709.0,-0.0001751620248730072
43,17,131072.0,10749.0,-9.303190994511138e-05
43,18,262144.0,20390.0,-4.904364884747403e-05
43,19,524288.0,38635.0,-2.5883266468228206e-05
43,20,1048576.0,73586.0,-1.3589541488870186e-05
43,21,2097152.0,140336.0,-7.125755330065039e-06
43,22,4194304.0,268216.0,-3.7283383541623054e-06
43,23,8388608.0,513708.0,-1.9466311601143186e-06
43,24,16777216.0,985818.0,-1.0143860225721162e-06
43,25,33554432.0,1894120.0,-5.279496547209262e-07
43,26,67108864.0,3645744.0,-2.7429243523406924e-07
44,15,32768.0,3030.0,-0.0003300330033003298
44,16,65536.0,5709.0,-0.00017516202487300738
44,17,131072.0,10749.0,-9.303190994511105e-05
44,18,262144.0,20390.0,-4.9043648847474066e-05
44,19,524288.0,38635.0,-2.5883266468228324e-05
44,20,1048576.0,73586.0,-1.358954148887015e-05
44,21,2097152.0,140336.0,-7.125755330065031e-06
44,22,4194304.0,268216.0,-3.7283383541623105e-06
44,23,8388608.0,513708.0,-1.946631160114322e-06
44,24,16777216.0,985818.0,-1.0143860225721139e-06
44,25,33554432.0,1894120.0,-5.279496547209278e-07
44,26,67108864.0,3645744.0,-2.7429243523407083e-07
45,15,32768.0,3030.0,-0.0003300330033003293
45,16,65536.0,5709.0,-0.0001751620248730074
45,17,131072.0,10749.0,-9.303190994511113e-05
45,18,262144.0,20390.0,-4.9043648847474384e-05
45,19,524288.0,38635.0,-2.5883266468228314e-05
45,20,1048576.0,73586.0,-1.3589541488870154e-05
45,21,2097152.0,140336.0,-7.125755330064956e-06
45,22,4194304.0,268216.0,-3.728338354162315e-06
45,23,8388608.0,513708.0,-1.94663116011431e-06
45,24,16777216.0,985818.0,-1.0143860225721152e-06
45,25,33554432.0,1894120.0,-5.279496547209238e-07
45,26,67108864.0,3645744.0,-2.7429243523407183e-07
46,15,32768.0,3030.0,-0.00033003300330032966
46,16,65536.0,5709.0,-0.00017516202487300695
46,17,131072.0,10749.0,-9.303190994511105e-05
46,18,262144.0,20390.0,-4.9043648847474445e-05
46,19,524288.0,38635.0,-2.5883266468228324e-05
46,20,1048576.0,73586.0,-1.3589541488870149e-05
46,21,2097152.0,140336.0,-7.125755330064964e-06
46,22,4194304.0,268216.0,-3.7283383541622974e-06
46,23,8388608.0,513708.0,-1.946631160114309e-06
46,24,16777216.0,985818.0,-1.0143860225721162e-06
46,25,33554432.0,1894120.0,-5.279496547209255e-07
46,26,67108864.0,3645744.0,-2.742924352340697e-07
47,15,32768.0,3030.0,-0.00033003300330032917
47,16,65536.0,5709.0,-0.0001751620248730074
47,17,131072.0,10749.0,-9.30319099451109e-05
47,18,262144.0,20390.0,-4.9043648847474296e-05
47,19,524288.0,38635.0,-2.5883266468228226e-05
47,20,1048576.0,73586.0,-1.3589541488870202e-05
47,21,2097152.0,140336.0,-7.125755330064968e-06
47,22,4194304.0,268216.0,-3.7283383541623177e-06
47,23,8388608.0,513708.0,-1.946631160114304e-06
47,24,16777216.0,985818.0,-1.0143860225721116e-06
47,25,33554432.0,1894120.0,-5.279496547209279e-07
47,26,67108864.0,3645744.0,-2.742924352340723e-07
48,15,32768.0,3030.0,-0.00033003300330033
48,16,65536.0,5709.0,-0.00017516202487300725
48,17,131072.0,10749.0,-9.303190994511117e-05
48,18,262144.0,20390.0,-4.9043648847474445e-05
48,19,524288.0,38635.0,-2.5883266468228145e-05
48,20,1048576.0,73586.0,-1.3589541488870147e-05
48,21,2097152.0,140336.0,-7.12575533006496e-06
48,22,4194304.0,268216.0,-3.728338354162316e-06
48,23,8388608.0,513708.0,-1.946631160114308e-06
48,24,16777216.0,985818.0,-1.0143860225721126e-06
48,25,33554432.0,1894120.0,-5.279496547209276e-07
48,26,67108864.0,3645744.0,-2.7429243523407104e-07
49,15,32768.0,3030.0,-0.0003300330033003301
49,16,65536.0,5709.0,-0.0001751620248730074
49,17,131072.0,10749.0,-9.303190994511134e-05
49,18,262144.0,20390.0,-4.9043648847474316e-05
49,19,524288.0,38635.0,-2.5883266468228314e-05
49,20,1048576.0,73586.0,-1.3589541488870068e-05
49,21,2097152.0,140336.0,-7.125755330064998e-06
49,22,4194304.0,268216.0,-3.7283383541623186e-06
49,23,8388608.0,513708.0,-1.946631160114302e-06
49,24,16777216.0,985818.0,-1.014386022572123e-06
49,25,33554432.0,1894120.0,-5.27949654720927e-07
49,26,67108864.0,3645744.0,-2.7429243523406903e-07
50,15,32768.0,3030.0,-0.00033003300330033
50,16,65536.0,5709.0,-0.0001751620248730074
50,17,131072.0,10749.0,-9.303190994511136e-05
50,18,262144.0,20390.0,-4.904364884747423e-05
50,19,524288.0,38635.0,-2.588326646822825e-05
50,20,1048576.0,73586.0,-1.3589541488870134e-05
50,21,2097152.0,140336.0,-7.125755330064979e-06
50,22,4194304.0,268216.0,-3.7283383541623076e-06
50,23,8388608.0,513708.0,-1.9466311601142987e-06
50,24,16777216.0,985818.0,-1.0143860225721207e-06
50,25,33554432.0,1894120.0,-5.279496547209292e-07
50,26,67108864.0,3645744.0,-2.7429243523407125e-07
51,15,32768.0,3030.0,-0.00033003300330032944
51,16,65536.0,5709.0,-0.00017516202487300768
51,17,131072.0,10749.0,-9.303190994511146e-05
51,18,262144.0,20390.0,-4.9043648847474364e-05
51,19,524288.0,38635.0,-2.5883266468228375e-05
51,20,1048576.0,73586.0,-1.3589541488870154e-05
51,21,2097152.0,140336.0,-7.125755330064969e-06
51,22,4194304.0,268216.0,-3.7283383541623203e-06
51,23,8388608.0,513708.0,-1.946631160114301e-06
51,24,16777216.0,985818.0,-1.0143860225721158e-06
51,25,33554432.0,1894120.0,-5.279496547209268e-07
51,26,67108864.0,3645744.0,-2.742924352340697e-07
52,15,32768.0,3030.0,-0.0003300330033003305
52,16,65536.0,5709.0,-0.00017516202487300776
52,17,131072.0,10749.0,-9.303190994511126e-05
52,18,262144.0,20390.0,-4.904364884747447e-05
52,19,524288.0,38635.0,-2.588326646822836e-05
52,20,1048576.0,73586.0,-1.3589541488870137e-05
52,21,2097152.0,140336.0,-7.125755330064998e-06
52,22,4194304.0,268216.0,-3.7283383541623008e-06
52,23,8388608.0,513708.0,-1.9466311601142983e-06
52,24,16777216.0,985818.0,-1.0143860225721198e-06
52,25,33554432.0,1894120.0,-5.279496547209249e-07
52,26,67108864.0,3645744.0,-2.7429243523407046e-07
53,15,32768.0,3030.0,-0.0003300330033003295
53,16,65536.0,5709.0,-0.00017516202487300782
53,17,131072.0,10749.0,-9.303190994511138e-05
53,18,262144.0,20390.0,-4.904364884747417e-05
53,19,524288.0,38635.0,-2.588326646822818e-05
53,20,1048576.0,73586.0,-1.3589541488870247e-05
53,21,2097152.0,140336.0,-7.125755330064965e-06
53,22,4194304.0,268216.0,-3.7283383541623177e-06
53,23,8388608.0,513708.0,-1.9466311601143017e-06
53,24,16777216.0,985818.0,-1.0143860225721196e-06
53,25,33554432.0,1894120.0,-5.279496547209262e-07
53,26,67108864.0,3645744.0,-2.742924352340691e-07
54,15,32768.0,3030.0,-0.0003300330033003305
54,16,65536.0,5709.0,-0.00017516202487300738
54,17,131072.0,10749.0,-9.303190994511138e-05
54,18,262144.0,20390.0,-4.9043648847474215e-05
54,19,524288.0,38635.0,-2.5883266468228223e-05
54,20,1048576.0,73586.0,-1.3589541488870247e-05
54,21,2097152.0,140336.0,-7.125755330064977e-06
54,22,4194304.0,268216.0,-3.7283383541623093e-06
54,23,8388608.0,513708.0,-1.9466311601143017e-06
54,24,16777216.0,985818.0,-1.0143860225721124e-06
54,25,33554432.0,1894120.0,-5.27949654720927e-07
54,26,67108864.0,3645744.0,-2.742924352340691e-07
55,15,32768.0,3030.0,-0.0003300330033003292
55,16,65536.0,5709.0,-0.00017516202487300784
55,17,131072.0,10749.0,-9.303190994511104e-05
55,18,262144.0,20390.0,-4.9043648847474086e-05
55,19,524288.0,38635.0,-2.588326646822833e-05
55,20,1048576.0,73586.0,-1.3589541488870146e-05
55,21,2097152.0,140336.0,-7.1257553300649556e-06
55,22,4194304.0,268216.0,-3.7283383541623126e-06
55,23,8388608.0,513708.0,-1.946631160114311e-06
55,24,16777216.0,985818.0,-1.0143860225721196e-06
55,25,33554432.0,1894120.0,-5.279496547209239e-07
55,26,67108864.0,3645744.0,-2.7429243523407046e-07
56,15,32768.0,3030.0,-0.0003300330033003298
56,16,65536.0,5709.0,-0.00017516202487300708
56,17,131072.0,10749.0,-9.30319099451113e-05
56,18,262144.0,20390.0,-4.9043648847474337e-05
56,19,524288.0,38635.0,-2.5883266468228277e-05
56,20,1048576.0,73586.0,-1.3589541488870208e-05
56,21,2097152.0,140336.0,-7.125755330065e-06
56,22,4194304.0,268216.0,-3.728338354162328e-06
56,23,8388608.0,513708.0,-1.9466311601143e-06
56,24,16777216.0,985818.0,-1.0143860225721175e-06
56,25,33554432.0,1894120.0,-5.27949654720925e-07
56,26,67108864.0,3645744.0,-2.742924352340691e-07
57,15,32768.0,3030.0,-0.00033003300330032966
57,16,65536.0,5709.0,-0.00017516202487300814
57,17,131072.0,10749.0,-9.303190994511115e-05
57,18,262144.0,20390.0,-4.904364884747439e-05
57,19,524288.0,38635.0,-2.5883266468228355e-05
57,20,1048576.0,73586.0,-1.358954148887019e-05
57,21,2097152.0,140336.0,-7.125755330065001e-06
57,22,4194304.0,268216.0,-3.728338354162326e-06
57,23,8388608.0,513708.0,-1.9466311601143144e-06
57,24,16777216.0,985818.0,-1.0143860225721143e-06
57,25,33554432.0,1894120.0,-5.279496547209259e-07
57,26,67108864.0,3645744.0,-2.7429243523407093e-07
58,15,32768.0,3030.0,-0.00033003300330033004
58,16,65536.0,5709.0,-0.00017516202487300727
58,17,131072.0,10749.0,-9.303190994511136e-05
58,18,262144.0,20390.0,-4.904364884747409e-05
58,19,524288.0,38635.0,-2.5883266468228274e-05
58,20,1048576.0,73586.0,-1.3589541488870142e-05
58,21,2097152.0,140336.0,-7.125755330064937e-06
58,22,4194304.0,268216.0,-3.7283383541623148e-06
58,23,8388608.0,513708.0,-1.946631160114296e-06
58,24,16777216.0,985818.0,-1.0143860225721226e-06
58,25,33554432.0,1894120.0,-5.279496547209239e-07
58,26,67108864.0,3645744.0,-2.742924352340703e-07
59,15,32768.0,3030.0,-0.0003300330033003297
59,16,65536.0,5709.0,-0.0001751620248730067
59,17,131072.0,10749.0,-9.303190994511126e-05
59,18,262144.0,20390.0,-4.904364884747416e-05
59,19,524288.0,38635.0,-2.5883266468228433e-05
59,20,1048576.0,73586.0,-1.3589541488870098e-05
59,21,2097152.0,140336.0,-7.125755330064971e-06
59,22,4194304.0,268216.0,-3.7283383541623114e-06
59,23,8388608.0,513708.0,-1.946631160114298e-06
59,24,16777216.0,985818.0,-1.0143860225721177e-06
59,25,33554432.0,1894120.0,-5.279496547209294e-07
59,26,67108864.0,3645744.0,-2.742924352340713e-07
60,15,32768.0,3030.0,-0.0003300330033003303
60,16,65536.0,5709.0,-0.00017516202487300765
60,17,131072.0,10749.0,-9.303190994511119e-05
60,18,262144.0,20390.0,-4.904364884747417e-05
60,19,524288.0,38635.0,-2.588326646822817e-05
60,20,1048576.0,73586.0,-1.3589541488870149e-05
60,21,2097152.0,140336.0,-7.125755330064992e-06
60,22,4194304.0,268216.0,-3.7283383541623054e-06
60,23,8388608.0,513708.0,-1.946631160114301e-06
60,24,16777216.0,985818.0,-1.0143860225721154e-06
60,25,33554432.0,1894120.0,-5.279496547209243e-07
60,26,67108864.0,3645744.0,-2.742924352340698e-07
61,15,32768.0,3030.0,-0.00033003300330032977
61,16,65536.0,5709.0,-0.00017516202487300695
61,17,131072.0,10749.0,-9.303190994511115e-05
61,18,262144.0,20390.0,-4.9043648847474337e-05
61,19,524288.0,38635.0,-2.5883266468228365e-05
61,20,1048576.0,73586.0,-1.3589541488870142e-05
61,21,2097152.0,140336.0,-7.12575533006499e-06
61,22,4194304.0,268216.0,-3.7283383541623203e-06
61,23,8388608.0,513708.0,-1.946631160114303e-06
61,24,16777216.0,985818.0,-1.0143860225721158e-06
61,25,33554432.0,1894120.0,-5.279496547209269e-07
61,26,67108864.0,3645744.0,-2.7429243523407056e-07
62,15,32768.0,3030.0,-0.0003300330033003294
62,16,65536.0,5709.0,-0.00017516202487300768
62,17,131072.0,10749.0,-9.303190994511103e-05
62,18,262144.0,20390.0,-4.904364884747423e-05
62,19,524288.0,38635.0,-2.5883266468228365e-05
62,20,1048576.0,73586.0,-1.3589541488870156e-05
62,21,2097152.0,140336.0,-7.125755330064984e-06
62,22,4194304.0,268216.0,-3.7283383541623063e-06
62,23,8388608.0,513708.0,-1.9466311601142885e-06
62,24,16777216.0,985818.0,-1.0143860225721082e-06
62,25,33554432.0,1894120.0,-5.279496547209248e-07
62,26,67108864.0,3645744.0,-2.7429243523407204e-07
63,15,32768.0,3030.0,-0.0003300330033003304
63,16,65536.0,5709.0,-0.0001751620248730072
63,17,131072.0,10749.0,-9.303190994511092e-05
63,18,262144.0,20390.0,-4.9043648847474255e-05
63,19,524288.0,38635.0,-2.5883266468228243e-05
63,20,1048576.0,73586.0,-1.3589541488870175e-05
63,21,2097152.0,140336.0,-7.125755330064989e-06
63,22,4194304.0,268216.0,-3.728338354162302e-06
63,23,8388608.0,513708.0,-1.946631160114313e-06
63,24,16777216.0,985818.0,-1.014386022572123e-06
63,25,33554432.0,1894120.0,-5.27949654720927e-07
63,26,67108864.0,3645744.0,-2.742924352340701e-07
64,15,32768.0,3030.0,-0.00033003300330033025
64,16,65536.0,5709.0,-0.000175162024873007
64,17,131072.0,10749.0,-9.303190994511113e-05
64,18,262144.0,20390.0,-4.904364884747424e-05
64,19,524288.0,38635.0,-2.5883266468228372e-05
64,20,1048576.0,73586.0,-1.358954148887013e-05
64,21,2097152.0,140336.0,-7.125755330064982e-06
64,22,4194304.0,268216.0,-3.72833835416231e-06
64,23,8388608.0,513708.0,-1.94663116011431e-06
64,24,16777216.0,985818.0,-1.0143860225721156e-06
64,25,33554432.0,1894120.0,-5.279496547209267e-07
64,26,67108864.0,3645744.0,-2.742924352340695e-07
65,15,32768.0,3030.0,-0.0003300330033003299
65,16,65536.0,5709.0,-0.00017516202487300673
65,17,131072.0,10749.0,-9.303190994511142e-05
65,18,262144.0,20390.0,-4.904364884747408e-05
65,19,524288.0,38635.0,-2.5883266468228165e-05
65,20,1048576.0,73586.0,-1.3589541488870247e-05
65,21,2097152.0,140336.0,-7.12575533006496e-06
65,22,4194304.0,268216.0,-3.728338354162327e-06
65,23,8388608.0,513708.0,-1.9466311601143178e-06
65,24,16777216.0,985818.0,-1.0143860225721156e-06
65,25,33554432.0,1894120.0,-5.279496547209267e-07
65,26,67108864.0,3645744.0,-2.7429243523407035e-07
66,15,32768.0,3030.0,-0.00033003300330032836
66,16,65536.0,5709.0,-0.0001751620248730074
66,17,131072.0,10749.0,-9.303190994511101e-05
66,18,262144.0,20390.0,-4.904364884747412e-05
66,19,524288.0,38635.0,-2.588326646822824e-05
66,20,1048576.0,73586.0,-1.3589541488870193e-05
66,21,2097152.0,140336.0,-7.125755330064961e-06
66,22,4194304.0,268216.0,-3.7283383541623016e-06
66,23,8388608.0,513708.0,-1.9466311601143097e-06
66,24,16777216.0,985818.0,-1.0143860225721145e-06
66,25,33554432.0,1894120.0,-5.279496547209278e-07
66,26,67108864.0,3645744.0,-2.742924352340713e-07
67,15,32768.0,3030.0,-0.00033003300330033
67,16,65536.0,5709.0,-0.00017516202487300679
67,17,131072.0,10749.0,-9.303190994511088e-05
67,18,262144.0,20390.0,-4.9043648847474316e-05
67,19,524288.0,38635.0,-2.5883266468228162e-05
67,20,1048576.0,73586.0,-1.3589541488870236e-05
67,21,2097152.0,140336.0,-7.125755330065003e-06
67,22,4194304.0,268216.0,-3.7283383541623033e-06
67,23,8388608.0,513708.0,-1.9466311601143097e-06
67,24,16777216.0,985818.0,-1.014386022572116e-06
67,25,33554432.0,1894120.0,-5.279496547209293e-07
67,26,67108864.0,3645744.0,-2.7429243523407183e-07
68,15,32768.0,3030.0,-0.0003300330033003299
68,16,65536.0,5709.0,-0.00017516202487300752
68,17,131072.0,10749.0,-9.303190994511109e-05
68,18,262144.0,20390.0,-4.904364884747423e-05
68,19,524288.0,38635.0,-2.5883266468228324e-05
68,20,1048576.0,73586.0,-1.3589541488870168e-05
68,21,2097152.0,140336.0,-7.1257553300650055e-06
68,22,4194304.0,268216.0,-3.728338354162313e-06
68,23,8388608.0,513708.0,-1.9466311601143165e-06
68,24,16777216.0,985818.0,-1.0143860225721154e-06
68,25,33554432.0,1894120.0,-5.279496547209293e-07
68,26,67108864.0,3645744.0,-2.7429243523406903e-07
69,15,32768.0,3030.0,-0.0003300330033003299
69,16,65536.0,5709.0,-0.00017516202487300765
69,17,131072.0,10749.0,-9.303190994511107e-05
69,18,262144.0,20390.0,-4.904364884747423e-05
69,19,524288.0,38635.0,-2.588326646822821e-05
69,20,1048576.0,73586.0,-1.3589541488870166e-05
69,21,2097152.0,140336.0,-7.125755330064952e-06
69,22,4194304.0,268216.0,-3.7283383541623194e-06
69,23,8388608.0,513708.0,-1.9466311601143068e-06
69,24,16777216.0,985818.0,-1.0143860225721177e-06
69,25,33554432.0,1894120.0,-5.279496547209264e-07
69,26,67108864.0,3645744.0,-2.742924352340702e-07
70,15,32768.0,3030.0,-0.0003300330033003301
70,16,65536.0,5709.0,-0.00017516202487300765
70,17,131072.0,10749.0,-9.303190994511157e-05
70,18,262144.0,20390.0,-4.9043648847474296e-05
70,19,524288.0,38635.0,-2.5883266468228307e-05
70,20,1048576.0,73586.0,-1.3589541488870193e-05
70,21,2097152.0,140336.0,-7.1257553300649505e-06
70,22,4194304.0,268216.0,-3.728338354162308e-06
70,23,8388608.0,513708.0,-1.946631160114315e-06
70,24,16777216.0,985818.0,-1.014386022572119e-06
70,25,33554432.0,1894120.0,-5.279496547209278e-07
70,26,67108864.0,3645744.0,-2.74292435234071e-07
71,15,32768.0,3030.0,-0.0003300330033003301
71,16,65536.0,5709.0,-0.00017516202487300692
71,17,131072.0,10749.0,-9.303190994511098e-05
71,18,262144.0,20390.0,-4.9043648847474255e-05
71,19,524288.0,38635.0,-2.5883266468228202e-05
71,20,1048576.0,73586.0,-1.3589541488870202e-05
71,21,2097152.0,140336.0,-7.1257553300650055e-06
71,22,4194304.0,268216.0,-3.728338354162322e-06
71,23,8388608.0,513708.0,-1.9466311601143165e-06
71,24,16777216.0,985818.0,-1.0143860225721145e-06
71,25,33554432.0,1894120.0,-5.279496547209304e-07
71,26,67108864.0,3645744.0,-2.742924352340703e-07
72,15,32768.0,3030.0,-0.00033003300330032917
72,16,65536.0,5709.0,-0.00017516202487300803
72,17,131072.0,10749.0,-9.303190994511128e-05
72,18,262144.0,20390.0,-4.904364884747413e-05
72,19,524288.0,38635.0,-2.5883266468228392e-05
72,20,1048576.0,73586.0,-1.3589541488870183e-05
72,21,2097152.0,140336.0,-7.125755330065003e-06
72,22,4194304.0,268216.0,-3.7283383541623253e-06
72,23,8388608.0,513708.0,-1.946631160114293e-06
72,24,16777216.0,985818.0,-1.0143860225721166e-06
72,25,33554432.0,1894120.0,-5.279496547209256e-07
72,26,67108864.0,3645744.0,-2.742924352340718e-07
73,15,32768.0,3030.0,-0.0003300330033003299
73,16,65536.0,5709.0,-0.00017516202487300722
73,17,131072.0,10749.0,-9.303190994511121e-05
73,18,262144.0,20390.0,-4.9043648847474255e-05
73,19,524288.0,38635.0,-2.588326646822822e-05
73,20,1048576.0,73586.0,-1.3589541488870093e-05
73,21,2097152.0,140336.0,-7.1257553300649835e-06
73,22,4194304.0,268216.0,-3.728338354162301e-06
73,23,8388608.0,513708.0,-1.9466311601143013e-06
73,24,16777216.0,985818.0,-1.0143860225721128e-06
73,25,33554432.0,1894120.0,-5.279496547209279e-07
73,26,67108864.0,3645744.0,-2.7429243523406924e-07
74,15,32768.0,3030.0,-0.0003300330033003299
74,16,65536.0,5709.0,-0.0001751620248730071
74,17,131072.0,10749.0,-9.303190994511115e-05
74,18,262144.0,20390.0,-4.904364884747415e-05
74,19,524288.0,38635.0,-2.5883266468228446e-05
74,20,1048576.0,73586.0,-1.3589541488870122e-05
74,21,2097152.0,140336.0,-7.1257553300649945e-06
74,22,4194304.0,268216.0,-3.728338354162302e-06
74,23,8388608.0,513708.0,-1.9466311601143173e-06
74,24,16777216.0,985818.0,-1.0143860225721272e-06
74,25,33554432.0,1894120.0,-5.279496547209281e-07
74,26,67108864.0,3645744.0,-2.74292435234069e-07
75,15,32768.0,3030.0,-0.0003300330033003299
75,16,65536.0,5709.0,-0.00017516202487300784
75,17,131072.0,10749.0,-9.30319099451113e-05
75,18,262144.0,20390.0,-4.9043648847474404e-05
75,19,524288.0,38635.0,-2.58832664682283e-05
75,20,1048576.0,73586.0,-1.358954148887015e-05
75,21,2097152.0,140336.0,-7.1257553300650165e-06
75,22,4194304.0,268216.0,-3.7283383541623436e-06
75,23,8388608.0,513708.0,-1.946631160114308e-06
75,24,16777216.0,985818.0,-1.0143860225721133e-06
75,25,33554432.0,1894120.0,-5.279496547209261e-07
75,26,67108864.0,3645744.0,-2.742924352340699e-07
76,15,32768.0,3030.0,-0.0003300330033003304
76,16,65536.0,5709.0,-0.0001751620248730071
76,17,131072.0,10749.0,-9.303190994511113e-05
76,18,262144.0,20390.0,-4.904364884747425e-05
76,19,524288.0,38635.0,-2.5883266468228247e-05
76,20,1048576.0,73586.0,-1.3589541488870154e-05
76,21,2097152.0,140336.0,-7.125755330064973e-06
76,22,4194304.0,268216.0,-3.7283383541623237e-06
76,23,8388608.0,513708.0,-1.946631160114303e-06
76,24,16777216.0,985818.0,-1.0143860225721215e-06
76,25,33554432.0,1894120.0,-5.279496547209261e-07
76,26,67108864.0,3645744.0,-2.7429243523406887e-07
77,15,32768.0,3030.0,-0.0003300330033003299
77,16,65536.0,5709.0,-0.00017516202487300646
77,17,131072.0,10749.0,-9.303190994511121e-05
77,18,262144.0,20390.0,-4.9043648847474025e-05
77,19,524288.0,38635.0,-2.5883266468228223e-05
77,20,1048576.0,73586.0,-1.3589541488870202e-05
77,21,2097152.0,140336.0,-7.125755330064967e-06
77,22,4194304.0,268216.0,-3.728338354162304e-06
77,23,8388608.0,513708.0,-1.946631160114308e-06
77,24,16777216.0,985818.0,-1.0143860225721277e-06
77,25,33554432.0,1894120.0,-5.279496547209267e-07
77,26,67108864.0,3645744.0,-2.7429243523406945e-07
78,15,32768.0,3030.0,-0.0003300330033003307
78,16,65536.0,5709.0,-0.00017516202487300773
78,17,131072.0,10749.0,-9.303190994511126e-05
78,18,262144.0,20390.0,-4.9043648847474174e-05
78,19,524288.0,38635.0,-2.5883266468228243e-05
78,20,1048576.0,73586.0,-1.3589541488870154e-05
78,21,2097152.0,140336.0,-7.125755330065012e-06
78,22,4194304.0,268216.0,-3.7283383541623008e-06
78,23,8388608.0,513708.0,-1.946631160114308e-06
78,24,16777216.0,985818.0,-1.0143860225721175e-06
78,25,33554432.0,1894120.0,-5.279496547209219e-07
78,26,67108864.0,3645744.0,-2.742924352340697e-07
79,15,32768.0,3030.0,-0.0003300330033003307
79,16,65536.0,5709.0,-0.0001751620248730083
79,17,131072.0,10749.0,-9.303190994511165e-05
79,18,262144.0,20390.0,-4.904364884747426e-05
79,19,524288.0,38635.0,-2.5883266468228053e-05
79,20,1048576.0,73586.0,-1.3589541488870147e-05
79,21,2097152.0,140336.0,-7.125755330064982e-06
79,22,4194304.0,268216.0,-3.7283383541623126e-06
79,23,8388608.0,513708.0,-1.9466311601143063e-06
79,24,16777216.0,985818.0,-1.0143860225721215e-06
79,25,33554432.0,1894120.0,-5.279496547209252e-07
79,26,67108864.0,3645744.0,-2.742924352340693e-07
80,15,32768.0,3030.0,-0.0003300330033003303
80,16,65536.0,5709.0,-0.00017516202487300792
80,17,131072.0,10749.0,-9.303190994511107e-05
80,18,262144.0,20390.0,-4.904364884747442e-05
80,19,524288.0,38635.0,-2.588326646822828e-05
80,20,1048576.0,73586.0,-1.3589541488870154e-05
80,21,2097152.0,140336.0,-7.125755330065009e-06
80,22,4194304.0,268216.0,-3.728338354162314e-06
80,23,8388608.0,513708.0,-1.9466311601142987e-06
80,24,16777216.0,985818.0,-1.0143860225721209e-06
80,25,33554432.0,1894120.0,-5.27949654720929e-07
80,26,67108864.0,3645744.0,-2.742924352340707e-07
81,15,32768.0,3030.0,-0.00033003300330032863
81,16,65536.0,5709.0,-0.00017516202487300765
81,17,131072.0,10749.0,-9.303190994511132e-05
81,18,262144.0,20390.0,-4.9043648847474404e-05
81,19,524288.0,38635.0,-2.5883266468228213e-05
81,20,1048576.0,73586.0,-1.3589541488870154e-05
81,21,2097152.0,140336.0,-7.1257553300649505e-06
81,22,4194304.0,268216.0,-3.728338354162298e-06
81,23,8388608.0,513708.0,-1.946631160114328e-06
81,24,16777216.0,985818.0,-1.0143860225721158e-06
81,25,33554432.0,1894120.0,-5.279496547209284e-07
81,26,67108864.0,3645744.0,-2.742924352340695e-07
82,15,32768.0,3030.0,-0.0003300330033003303
82,16,65536.0,5709.0,-0.00017516202487300776
82,17,131072.0,10749.0,-9.303190994511105e-05
82,18,262144.0,20390.0,-4.904364884747389e-05
82,19,524288.0,38635.0,-2.5883266468228416e-05
82,20,1048576.0,73586.0,-1.3589541488870198e-05
82,21,2097152.0,140336.0,-7.125755330064996e-06
82,22,4194304.0,268216.0,-3.7283383541623084e-06
82,23,8388608.0,513708.0,-1.9466311601143063e-06
82,24,16777216.0,985818.0,-1.014386022572113e-06
82,25,33554432.0,1894120.0,-5.279496547209258e-07
82,26,67108864.0,3645744.0,-2.7429243523407136e-07
